variant,seed,sequence,attack,covers,symbol_accuracy,message_success,rs_corrections
pc1_no_qualification,11,0,clean,348,1.0,1,0
pc1_no_qualification,11,0,jpeg_80,348,1.0,1,0
pc1_no_qualification,11,0,jpeg_50,348,0.9971264367816092,1,1
pc1_no_qualification,11,0,gaussian_5,348,0.9166666666666666,1,28
pc1_no_qualification,11,0,gaussian_12,348,0.9166666666666666,1,28
pc1_no_qualification,11,0,gaussian_9_holdout,348,0.9252873563218391,1,25
pc1_no_qualification,11,0,gaussian_15_holdout,348,0.9166666666666666,1,28
pc1_no_qualification,11,0,blur_0.8,348,0.9482758620689655,1,18
pc1_no_qualification,11,0,blur_1.5,348,0.8706896551724138,1,42
pc1_no_qualification,11,0,blur_1.2_holdout,348,0.9022988505747126,1,33
pc1_no_qualification,11,0,blur_1.8_holdout,348,0.8477011494252874,1,49
pc1_no_qualification,11,0,resize_075,348,0.9597701149425287,1,14
pc1_no_qualification,11,0,resize_050,348,0.9339080459770115,1,23
pc1_no_qualification,11,0,crop_05,348,0.6149425287356322,0,-1
pc1_no_qualification,11,0,crop_10,348,0.41954022988505746,0,-1
pc1_no_qualification,11,0,crop_08_holdout,348,0.5114942528735632,0,-1
pc1_no_qualification,11,0,crop_12_holdout,348,0.382183908045977,0,-1
pc1_no_qualification,11,0,rotate_3,348,0.882183908045977,1,38
pc1_no_qualification,11,0,rotate_7,348,0.7097701149425287,0,-1
pc1_no_qualification,11,0,rotate_5_holdout,348,0.7844827586206896,1,64
pc1_no_qualification,11,0,rotate_9_holdout,348,0.6580459770114943,0,-1
pc1_no_qualification,11,1,clean,348,1.0,1,0
pc1_no_qualification,11,1,jpeg_80,348,1.0,1,0
pc1_no_qualification,11,1,jpeg_50,348,0.9971264367816092,1,1
pc1_no_qualification,11,1,gaussian_5,348,0.9310344827586207,1,24
pc1_no_qualification,11,1,gaussian_12,348,0.9224137931034483,1,26
pc1_no_qualification,11,1,gaussian_9_holdout,348,0.9166666666666666,1,28
pc1_no_qualification,11,1,gaussian_15_holdout,348,0.9252873563218391,1,25
pc1_no_qualification,11,1,blur_0.8,348,0.9568965517241379,1,15
pc1_no_qualification,11,1,blur_1.5,348,0.8764367816091954,1,39
pc1_no_qualification,11,1,blur_1.2_holdout,348,0.9109195402298851,1,30
pc1_no_qualification,11,1,blur_1.8_holdout,348,0.8505747126436781,1,46
pc1_no_qualification,11,1,resize_075,348,0.9597701149425287,1,14
pc1_no_qualification,11,1,resize_050,348,0.9425287356321839,1,20
pc1_no_qualification,11,1,crop_05,348,0.6206896551724138,0,-1
pc1_no_qualification,11,1,crop_10,348,0.4281609195402299,0,-1
pc1_no_qualification,11,1,crop_08_holdout,348,0.5201149425287356,0,-1
pc1_no_qualification,11,1,crop_12_holdout,348,0.3793103448275862,0,-1
pc1_no_qualification,11,1,rotate_3,348,0.8850574712643678,1,37
pc1_no_qualification,11,1,rotate_7,348,0.7155172413793104,0,-1
pc1_no_qualification,11,1,rotate_5_holdout,348,0.7873563218390804,0,-1
pc1_no_qualification,11,1,rotate_9_holdout,348,0.6637931034482759,0,-1
pc1_no_qualification,11,2,clean,348,1.0,1,0
pc1_no_qualification,11,2,jpeg_80,348,0.9971264367816092,1,1
pc1_no_qualification,11,2,jpeg_50,348,0.9885057471264368,1,4
pc1_no_qualification,11,2,gaussian_5,348,0.9281609195402298,1,25
pc1_no_qualification,11,2,gaussian_12,348,0.9252873563218391,1,26
pc1_no_qualification,11,2,gaussian_9_holdout,348,0.9166666666666666,1,28
pc1_no_qualification,11,2,gaussian_15_holdout,348,0.9224137931034483,1,26
pc1_no_qualification,11,2,blur_0.8,348,0.9482758620689655,1,18
pc1_no_qualification,11,2,blur_1.5,348,0.867816091954023,1,43
pc1_no_qualification,11,2,blur_1.2_holdout,348,0.9022988505747126,1,33
pc1_no_qualification,11,2,blur_1.8_holdout,348,0.8448275862068966,1,50
pc1_no_qualification,11,2,resize_075,348,0.9568965517241379,1,15
pc1_no_qualification,11,2,resize_050,348,0.9367816091954023,1,21
pc1_no_qualification,11,2,crop_05,348,0.6264367816091954,0,-1
pc1_no_qualification,11,2,crop_10,348,0.43103448275862066,0,-1
pc1_no_qualification,11,2,crop_08_holdout,348,0.5229885057471264,0,-1
pc1_no_qualification,11,2,crop_12_holdout,348,0.3764367816091954,0,-1
pc1_no_qualification,11,2,rotate_3,348,0.8793103448275862,1,40
pc1_no_qualification,11,2,rotate_7,348,0.7097701149425287,0,-1
pc1_no_qualification,11,2,rotate_5_holdout,348,0.7758620689655172,0,-1
pc1_no_qualification,11,2,rotate_9_holdout,348,0.6551724137931034,0,-1
pc1_no_qualification,11,3,clean,348,1.0,1,0
pc1_no_qualification,11,3,jpeg_80,348,1.0,1,0
pc1_no_qualification,11,3,jpeg_50,348,0.9942528735632183,1,2
pc1_no_qualification,11,3,gaussian_5,348,0.9339080459770115,1,23
pc1_no_qualification,11,3,gaussian_12,348,0.9252873563218391,1,26
pc1_no_qualification,11,3,gaussian_9_holdout,348,0.9281609195402298,1,25
pc1_no_qualification,11,3,gaussian_15_holdout,348,0.9367816091954023,1,22
pc1_no_qualification,11,3,blur_0.8,348,0.9511494252873564,1,16
pc1_no_qualification,11,3,blur_1.5,348,0.8706896551724138,1,43
pc1_no_qualification,11,3,blur_1.2_holdout,348,0.9051724137931034,1,32
pc1_no_qualification,11,3,blur_1.8_holdout,348,0.8477011494252874,1,50
pc1_no_qualification,11,3,resize_075,348,0.9568965517241379,1,15
pc1_no_qualification,11,3,resize_050,348,0.9367816091954023,1,21
pc1_no_qualification,11,3,crop_05,348,0.632183908045977,0,-1
pc1_no_qualification,11,3,crop_10,348,0.4281609195402299,0,-1
pc1_no_qualification,11,3,crop_08_holdout,348,0.5258620689655172,0,-1
pc1_no_qualification,11,3,crop_12_holdout,348,0.3764367816091954,0,-1
pc1_no_qualification,11,3,rotate_3,348,0.8879310344827587,1,37
pc1_no_qualification,11,3,rotate_7,348,0.7298850574712644,0,-1
pc1_no_qualification,11,3,rotate_5_holdout,348,0.7959770114942529,0,-1
pc1_no_qualification,11,3,rotate_9_holdout,348,0.6781609195402298,0,-1
pc1_no_qualification,11,4,clean,348,1.0,1,0
pc1_no_qualification,11,4,jpeg_80,348,0.9971264367816092,1,1
pc1_no_qualification,11,4,jpeg_50,348,0.9913793103448276,1,3
pc1_no_qualification,11,4,gaussian_5,348,0.9252873563218391,1,25
pc1_no_qualification,11,4,gaussian_12,348,0.9195402298850575,1,27
pc1_no_qualification,11,4,gaussian_9_holdout,348,0.9310344827586207,1,23
pc1_no_qualification,11,4,gaussian_15_holdout,348,0.9109195402298851,1,31
pc1_no_qualification,11,4,blur_0.8,348,0.9511494252873564,1,16
pc1_no_qualification,11,4,blur_1.5,348,0.8649425287356322,1,44
pc1_no_qualification,11,4,blur_1.2_holdout,348,0.896551724137931,1,34
pc1_no_qualification,11,4,blur_1.8_holdout,348,0.8390804597701149,1,53
pc1_no_qualification,11,4,resize_075,348,0.9597701149425287,1,14
pc1_no_qualification,11,4,resize_050,348,0.9367816091954023,1,21
pc1_no_qualification,11,4,crop_05,348,0.6206896551724138,0,-1
pc1_no_qualification,11,4,crop_10,348,0.4224137931034483,0,-1
pc1_no_qualification,11,4,crop_08_holdout,348,0.5229885057471264,0,-1
pc1_no_qualification,11,4,crop_12_holdout,348,0.3649425287356322,0,-1
pc1_no_qualification,11,4,rotate_3,348,0.882183908045977,1,40
pc1_no_qualification,11,4,rotate_7,348,0.7126436781609196,0,-1
pc1_no_qualification,11,4,rotate_5_holdout,348,0.7873563218390804,0,-1
pc1_no_qualification,11,4,rotate_9_holdout,348,0.6580459770114943,0,-1
pc1_no_qualification,11,5,clean,348,1.0,1,0
pc1_no_qualification,11,5,jpeg_80,348,1.0,1,0
pc1_no_qualification,11,5,jpeg_50,348,0.9913793103448276,1,3
pc1_no_qualification,11,5,gaussian_5,348,0.9310344827586207,1,22
pc1_no_qualification,11,5,gaussian_12,348,0.9339080459770115,1,22
pc1_no_qualification,11,5,gaussian_9_holdout,348,0.9281609195402298,1,23
pc1_no_qualification,11,5,gaussian_15_holdout,348,0.9367816091954023,1,22
pc1_no_qualification,11,5,blur_0.8,348,0.9482758620689655,1,16
pc1_no_qualification,11,5,blur_1.5,348,0.882183908045977,1,37
pc1_no_qualification,11,5,blur_1.2_holdout,348,0.9051724137931034,1,29
pc1_no_qualification,11,5,blur_1.8_holdout,348,0.8563218390804598,1,46
pc1_no_qualification,11,5,resize_075,348,0.9540229885057471,1,15
pc1_no_qualification,11,5,resize_050,348,0.9310344827586207,1,20
pc1_no_qualification,11,5,crop_05,348,0.6408045977011494,0,-1
pc1_no_qualification,11,5,crop_10,348,0.4367816091954023,0,-1
pc1_no_qualification,11,5,crop_08_holdout,348,0.5316091954022989,0,-1
pc1_no_qualification,11,5,crop_12_holdout,348,0.3850574712643678,0,-1
pc1_no_qualification,11,5,rotate_3,348,0.8936781609195402,1,34
pc1_no_qualification,11,5,rotate_7,348,0.7471264367816092,0,-1
pc1_no_qualification,11,5,rotate_5_holdout,348,0.8017241379310345,1,60
pc1_no_qualification,11,5,rotate_9_holdout,348,0.6810344827586207,0,-1
pc1_no_qualification,11,6,clean,348,1.0,1,0
pc1_no_qualification,11,6,jpeg_80,348,1.0,1,0
pc1_no_qualification,11,6,jpeg_50,348,0.9913793103448276,1,3
pc1_no_qualification,11,6,gaussian_5,348,0.9281609195402298,1,23
pc1_no_qualification,11,6,gaussian_12,348,0.9252873563218391,1,23
pc1_no_qualification,11,6,gaussian_9_holdout,348,0.9252873563218391,1,25
pc1_no_qualification,11,6,gaussian_15_holdout,348,0.9281609195402298,1,25
pc1_no_qualification,11,6,blur_0.8,348,0.9454022988505747,1,18
pc1_no_qualification,11,6,blur_1.5,348,0.8649425287356322,1,41
pc1_no_qualification,11,6,blur_1.2_holdout,348,0.8994252873563219,1,31
pc1_no_qualification,11,6,blur_1.8_holdout,348,0.8362068965517241,1,50
pc1_no_qualification,11,6,resize_075,348,0.9540229885057471,1,16
pc1_no_qualification,11,6,resize_050,348,0.9310344827586207,1,21
pc1_no_qualification,11,6,crop_05,348,0.632183908045977,0,-1
pc1_no_qualification,11,6,crop_10,348,0.4281609195402299,0,-1
pc1_no_qualification,11,6,crop_08_holdout,348,0.5258620689655172,0,-1
pc1_no_qualification,11,6,crop_12_holdout,348,0.3793103448275862,0,-1
pc1_no_qualification,11,6,rotate_3,348,0.8879310344827587,1,37
pc1_no_qualification,11,6,rotate_7,348,0.7126436781609196,0,-1
pc1_no_qualification,11,6,rotate_5_holdout,348,0.7873563218390804,0,-1
pc1_no_qualification,11,6,rotate_9_holdout,348,0.6609195402298851,0,-1
pc1_no_qualification,11,7,clean,348,1.0,1,0
pc1_no_qualification,11,7,jpeg_80,348,1.0,1,0
pc1_no_qualification,11,7,jpeg_50,348,0.9942528735632183,1,2
pc1_no_qualification,11,7,gaussian_5,348,0.9367816091954023,1,22
pc1_no_qualification,11,7,gaussian_12,348,0.9281609195402298,1,25
pc1_no_qualification,11,7,gaussian_9_holdout,348,0.9281609195402298,1,25
pc1_no_qualification,11,7,gaussian_15_holdout,348,0.9310344827586207,1,24
pc1_no_qualification,11,7,blur_0.8,348,0.9511494252873564,1,16
pc1_no_qualification,11,7,blur_1.5,348,0.8764367816091954,1,40
pc1_no_qualification,11,7,blur_1.2_holdout,348,0.9051724137931034,1,32
pc1_no_qualification,11,7,blur_1.8_holdout,348,0.8505747126436781,1,47
pc1_no_qualification,11,7,resize_075,348,0.9597701149425287,1,13
pc1_no_qualification,11,7,resize_050,348,0.9396551724137931,1,20
pc1_no_qualification,11,7,crop_05,348,0.6379310344827587,0,-1
pc1_no_qualification,11,7,crop_10,348,0.4454022988505747,0,-1
pc1_no_qualification,11,7,crop_08_holdout,348,0.5373563218390804,0,-1
pc1_no_qualification,11,7,crop_12_holdout,348,0.3936781609195402,0,-1
pc1_no_qualification,11,7,rotate_3,348,0.8908045977011494,1,35
pc1_no_qualification,11,7,rotate_7,348,0.7270114942528736,0,-1
pc1_no_qualification,11,7,rotate_5_holdout,348,0.7931034482758621,0,-1
pc1_no_qualification,11,7,rotate_9_holdout,348,0.6752873563218391,0,-1
pc1_no_qualification,11,8,clean,348,1.0,1,0
pc1_no_qualification,11,8,jpeg_80,348,1.0,1,0
pc1_no_qualification,11,8,jpeg_50,348,0.9942528735632183,1,2
pc1_no_qualification,11,8,gaussian_5,348,0.9339080459770115,1,20
pc1_no_qualification,11,8,gaussian_12,348,0.9367816091954023,1,19
pc1_no_qualification,11,8,gaussian_9_holdout,348,0.9252873563218391,1,23
pc1_no_qualification,11,8,gaussian_15_holdout,348,0.9339080459770115,1,21
pc1_no_qualification,11,8,blur_0.8,348,0.9568965517241379,1,13
pc1_no_qualification,11,8,blur_1.5,348,0.8850574712643678,1,37
pc1_no_qualification,11,8,blur_1.2_holdout,348,0.9166666666666666,1,27
pc1_no_qualification,11,8,blur_1.8_holdout,348,0.8591954022988506,1,45
pc1_no_qualification,11,8,resize_075,348,0.9655172413793104,1,11
pc1_no_qualification,11,8,resize_050,348,0.9454022988505747,1,17
pc1_no_qualification,11,8,crop_05,348,0.6293103448275862,0,-1
pc1_no_qualification,11,8,crop_10,348,0.4339080459770115,0,-1
pc1_no_qualification,11,8,crop_08_holdout,348,0.5287356321839081,0,-1
pc1_no_qualification,11,8,crop_12_holdout,348,0.382183908045977,0,-1
pc1_no_qualification,11,8,rotate_3,348,0.8908045977011494,1,36
pc1_no_qualification,11,8,rotate_7,348,0.7270114942528736,0,-1
pc1_no_qualification,11,8,rotate_5_holdout,348,0.7902298850574713,0,-1
pc1_no_qualification,11,8,rotate_9_holdout,348,0.6752873563218391,0,-1
pc1_no_qualification,11,9,clean,348,1.0,1,0
pc1_no_qualification,11,9,jpeg_80,348,1.0,1,0
pc1_no_qualification,11,9,jpeg_50,348,0.9942528735632183,1,2
pc1_no_qualification,11,9,gaussian_5,348,0.9310344827586207,1,23
pc1_no_qualification,11,9,gaussian_12,348,0.9281609195402298,1,25
pc1_no_qualification,11,9,gaussian_9_holdout,348,0.9281609195402298,1,24
pc1_no_qualification,11,9,gaussian_15_holdout,348,0.9166666666666666,1,28
pc1_no_qualification,11,9,blur_0.8,348,0.9454022988505747,1,19
pc1_no_qualification,11,9,blur_1.5,348,0.8591954022988506,1,46
pc1_no_qualification,11,9,blur_1.2_holdout,348,0.8994252873563219,1,33
pc1_no_qualification,11,9,blur_1.8_holdout,348,0.8362068965517241,1,53
pc1_no_qualification,11,9,resize_075,348,0.9597701149425287,1,14
pc1_no_qualification,11,9,resize_050,348,0.9310344827586207,1,24
pc1_no_qualification,11,9,crop_05,348,0.617816091954023,0,-1
pc1_no_qualification,11,9,crop_10,348,0.43103448275862066,0,-1
pc1_no_qualification,11,9,crop_08_holdout,348,0.514367816091954,0,-1
pc1_no_qualification,11,9,crop_12_holdout,348,0.3879310344827586,0,-1
pc1_no_qualification,11,9,rotate_3,348,0.8879310344827587,1,36
pc1_no_qualification,11,9,rotate_7,348,0.7011494252873564,0,-1
pc1_no_qualification,11,9,rotate_5_holdout,348,0.7758620689655172,0,-1
pc1_no_qualification,11,9,rotate_9_holdout,348,0.6580459770114943,0,-1
attack_aware_qualified,11,0,clean,348,1.0,1,0
attack_aware_qualified,11,0,jpeg_80,348,1.0,1,0
attack_aware_qualified,11,0,jpeg_50,348,1.0,1,0
attack_aware_qualified,11,0,gaussian_5,348,1.0,1,0
attack_aware_qualified,11,0,gaussian_12,348,1.0,1,0
attack_aware_qualified,11,0,gaussian_9_holdout,348,1.0,1,0
attack_aware_qualified,11,0,gaussian_15_holdout,348,1.0,1,0
attack_aware_qualified,11,0,blur_0.8,348,1.0,1,0
attack_aware_qualified,11,0,blur_1.5,348,1.0,1,0
attack_aware_qualified,11,0,blur_1.2_holdout,348,1.0,1,0
attack_aware_qualified,11,0,blur_1.8_holdout,348,0.9827586206896551,1,6
attack_aware_qualified,11,0,resize_075,348,1.0,1,0
attack_aware_qualified,11,0,resize_050,348,1.0,1,0
attack_aware_qualified,11,0,crop_05,348,1.0,1,0
attack_aware_qualified,11,0,crop_10,348,1.0,1,0
attack_aware_qualified,11,0,crop_08_holdout,348,0.9971264367816092,1,1
attack_aware_qualified,11,0,crop_12_holdout,348,0.8994252873563219,1,34
attack_aware_qualified,11,0,rotate_3,348,1.0,1,0
attack_aware_qualified,11,0,rotate_7,348,1.0,1,0
attack_aware_qualified,11,0,rotate_5_holdout,348,1.0,1,0
attack_aware_qualified,11,0,rotate_9_holdout,348,0.9798850574712644,1,7
attack_aware_qualified,11,1,clean,348,1.0,1,0
attack_aware_qualified,11,1,jpeg_80,348,1.0,1,0
attack_aware_qualified,11,1,jpeg_50,348,1.0,1,0
attack_aware_qualified,11,1,gaussian_5,348,1.0,1,0
attack_aware_qualified,11,1,gaussian_12,348,1.0,1,0
attack_aware_qualified,11,1,gaussian_9_holdout,348,1.0,1,0
attack_aware_qualified,11,1,gaussian_15_holdout,348,0.9971264367816092,1,1
attack_aware_qualified,11,1,blur_0.8,348,1.0,1,0
attack_aware_qualified,11,1,blur_1.5,348,1.0,1,0
attack_aware_qualified,11,1,blur_1.2_holdout,348,1.0,1,0
attack_aware_qualified,11,1,blur_1.8_holdout,348,0.985632183908046,1,5
attack_aware_qualified,11,1,resize_075,348,1.0,1,0
attack_aware_qualified,11,1,resize_050,348,1.0,1,0
attack_aware_qualified,11,1,crop_05,348,1.0,1,0
attack_aware_qualified,11,1,crop_10,348,1.0,1,0
attack_aware_qualified,11,1,crop_08_holdout,348,0.9971264367816092,1,1
attack_aware_qualified,11,1,crop_12_holdout,348,0.8850574712643678,1,39
attack_aware_qualified,11,1,rotate_3,348,1.0,1,0
attack_aware_qualified,11,1,rotate_7,348,1.0,1,0
attack_aware_qualified,11,1,rotate_5_holdout,348,1.0,1,0
attack_aware_qualified,11,1,rotate_9_holdout,348,0.9798850574712644,1,7
attack_aware_qualified,11,2,clean,348,1.0,1,0
attack_aware_qualified,11,2,jpeg_80,348,1.0,1,0
attack_aware_qualified,11,2,jpeg_50,348,1.0,1,0
attack_aware_qualified,11,2,gaussian_5,348,1.0,1,0
attack_aware_qualified,11,2,gaussian_12,348,1.0,1,0
attack_aware_qualified,11,2,gaussian_9_holdout,348,1.0,1,0
attack_aware_qualified,11,2,gaussian_15_holdout,348,0.9971264367816092,1,1
attack_aware_qualified,11,2,blur_0.8,348,1.0,1,0
attack_aware_qualified,11,2,blur_1.5,348,1.0,1,0
attack_aware_qualified,11,2,blur_1.2_holdout,348,1.0,1,0
attack_aware_qualified,11,2,blur_1.8_holdout,348,0.9827586206896551,1,6
attack_aware_qualified,11,2,resize_075,348,1.0,1,0
attack_aware_qualified,11,2,resize_050,348,1.0,1,0
attack_aware_qualified,11,2,crop_05,348,1.0,1,0
attack_aware_qualified,11,2,crop_10,348,1.0,1,0
attack_aware_qualified,11,2,crop_08_holdout,348,0.9971264367816092,1,1
attack_aware_qualified,11,2,crop_12_holdout,348,0.8908045977011494,1,37
attack_aware_qualified,11,2,rotate_3,348,1.0,1,0
attack_aware_qualified,11,2,rotate_7,348,1.0,1,0
attack_aware_qualified,11,2,rotate_5_holdout,348,1.0,1,0
attack_aware_qualified,11,2,rotate_9_holdout,348,0.9741379310344828,1,9
attack_aware_qualified,11,3,clean,348,1.0,1,0
attack_aware_qualified,11,3,jpeg_80,348,1.0,1,0
attack_aware_qualified,11,3,jpeg_50,348,1.0,1,0
attack_aware_qualified,11,3,gaussian_5,348,1.0,1,0
attack_aware_qualified,11,3,gaussian_12,348,1.0,1,0
attack_aware_qualified,11,3,gaussian_9_holdout,348,1.0,1,0
attack_aware_qualified,11,3,gaussian_15_holdout,348,0.9942528735632183,1,2
attack_aware_qualified,11,3,blur_0.8,348,1.0,1,0
attack_aware_qualified,11,3,blur_1.5,348,1.0,1,0
attack_aware_qualified,11,3,blur_1.2_holdout,348,1.0,1,0
attack_aware_qualified,11,3,blur_1.8_holdout,348,0.9798850574712644,1,7
attack_aware_qualified,11,3,resize_075,348,1.0,1,0
attack_aware_qualified,11,3,resize_050,348,1.0,1,0
attack_aware_qualified,11,3,crop_05,348,1.0,1,0
attack_aware_qualified,11,3,crop_10,348,1.0,1,0
attack_aware_qualified,11,3,crop_08_holdout,348,0.9971264367816092,1,1
attack_aware_qualified,11,3,crop_12_holdout,348,0.8879310344827587,1,36
attack_aware_qualified,11,3,rotate_3,348,1.0,1,0
attack_aware_qualified,11,3,rotate_7,348,1.0,1,0
attack_aware_qualified,11,3,rotate_5_holdout,348,1.0,1,0
attack_aware_qualified,11,3,rotate_9_holdout,348,0.9741379310344828,1,9
attack_aware_qualified,11,4,clean,348,1.0,1,0
attack_aware_qualified,11,4,jpeg_80,348,1.0,1,0
attack_aware_qualified,11,4,jpeg_50,348,1.0,1,0
attack_aware_qualified,11,4,gaussian_5,348,1.0,1,0
attack_aware_qualified,11,4,gaussian_12,348,1.0,1,0
attack_aware_qualified,11,4,gaussian_9_holdout,348,1.0,1,0
attack_aware_qualified,11,4,gaussian_15_holdout,348,1.0,1,0
attack_aware_qualified,11,4,blur_0.8,348,1.0,1,0
attack_aware_qualified,11,4,blur_1.5,348,1.0,1,0
attack_aware_qualified,11,4,blur_1.2_holdout,348,1.0,1,0
attack_aware_qualified,11,4,blur_1.8_holdout,348,0.9827586206896551,1,6
attack_aware_qualified,11,4,resize_075,348,1.0,1,0
attack_aware_qualified,11,4,resize_050,348,1.0,1,0
attack_aware_qualified,11,4,crop_05,348,1.0,1,0
attack_aware_qualified,11,4,crop_10,348,1.0,1,0
attack_aware_qualified,11,4,crop_08_holdout,348,0.9971264367816092,1,1
attack_aware_qualified,11,4,crop_12_holdout,348,0.8850574712643678,1,37
attack_aware_qualified,11,4,rotate_3,348,1.0,1,0
attack_aware_qualified,11,4,rotate_7,348,1.0,1,0
attack_aware_qualified,11,4,rotate_5_holdout,348,1.0,1,0
attack_aware_qualified,11,4,rotate_9_holdout,348,0.9770114942528736,1,8
attack_aware_qualified,11,5,clean,348,1.0,1,0
attack_aware_qualified,11,5,jpeg_80,348,1.0,1,0
attack_aware_qualified,11,5,jpeg_50,348,1.0,1,0
attack_aware_qualified,11,5,gaussian_5,348,1.0,1,0
attack_aware_qualified,11,5,gaussian_12,348,1.0,1,0
attack_aware_qualified,11,5,gaussian_9_holdout,348,1.0,1,0
attack_aware_qualified,11,5,gaussian_15_holdout,348,0.9971264367816092,1,1
attack_aware_qualified,11,5,blur_0.8,348,1.0,1,0
attack_aware_qualified,11,5,blur_1.5,348,1.0,1,0
attack_aware_qualified,11,5,blur_1.2_holdout,348,1.0,1,0
attack_aware_qualified,11,5,blur_1.8_holdout,348,0.985632183908046,1,5
attack_aware_qualified,11,5,resize_075,348,1.0,1,0
attack_aware_qualified,11,5,resize_050,348,1.0,1,0
attack_aware_qualified,11,5,crop_05,348,1.0,1,0
attack_aware_qualified,11,5,crop_10,348,1.0,1,0
attack_aware_qualified,11,5,crop_08_holdout,348,0.9971264367816092,1,1
attack_aware_qualified,11,5,crop_12_holdout,348,0.8764367816091954,1,41
attack_aware_qualified,11,5,rotate_3,348,1.0,1,0
attack_aware_qualified,11,5,rotate_7,348,1.0,1,0
attack_aware_qualified,11,5,rotate_5_holdout,348,1.0,1,0
attack_aware_qualified,11,5,rotate_9_holdout,348,0.9683908045977011,1,11
attack_aware_qualified,11,6,clean,348,1.0,1,0
attack_aware_qualified,11,6,jpeg_80,348,1.0,1,0
attack_aware_qualified,11,6,jpeg_50,348,1.0,1,0
attack_aware_qualified,11,6,gaussian_5,348,1.0,1,0
attack_aware_qualified,11,6,gaussian_12,348,1.0,1,0
attack_aware_qualified,11,6,gaussian_9_holdout,348,1.0,1,0
attack_aware_qualified,11,6,gaussian_15_holdout,348,0.9971264367816092,1,1
attack_aware_qualified,11,6,blur_0.8,348,1.0,1,0
attack_aware_qualified,11,6,blur_1.5,348,1.0,1,0
attack_aware_qualified,11,6,blur_1.2_holdout,348,1.0,1,0
attack_aware_qualified,11,6,blur_1.8_holdout,348,0.9827586206896551,1,6
attack_aware_qualified,11,6,resize_075,348,1.0,1,0
attack_aware_qualified,11,6,resize_050,348,1.0,1,0
attack_aware_qualified,11,6,crop_05,348,1.0,1,0
attack_aware_qualified,11,6,crop_10,348,1.0,1,0
attack_aware_qualified,11,6,crop_08_holdout,348,0.9971264367816092,1,1
attack_aware_qualified,11,6,crop_12_holdout,348,0.882183908045977,1,38
attack_aware_qualified,11,6,rotate_3,348,1.0,1,0
attack_aware_qualified,11,6,rotate_7,348,1.0,1,0
attack_aware_qualified,11,6,rotate_5_holdout,348,1.0,1,0
attack_aware_qualified,11,6,rotate_9_holdout,348,0.9683908045977011,1,11
attack_aware_qualified,11,7,clean,348,1.0,1,0
attack_aware_qualified,11,7,jpeg_80,348,1.0,1,0
attack_aware_qualified,11,7,jpeg_50,348,1.0,1,0
attack_aware_qualified,11,7,gaussian_5,348,1.0,1,0
attack_aware_qualified,11,7,gaussian_12,348,1.0,1,0
attack_aware_qualified,11,7,gaussian_9_holdout,348,1.0,1,0
attack_aware_qualified,11,7,gaussian_15_holdout,348,0.9971264367816092,1,1
attack_aware_qualified,11,7,blur_0.8,348,1.0,1,0
attack_aware_qualified,11,7,blur_1.5,348,1.0,1,0
attack_aware_qualified,11,7,blur_1.2_holdout,348,1.0,1,0
attack_aware_qualified,11,7,blur_1.8_holdout,348,0.985632183908046,1,5
attack_aware_qualified,11,7,resize_075,348,1.0,1,0
attack_aware_qualified,11,7,resize_050,348,1.0,1,0
attack_aware_qualified,11,7,crop_05,348,1.0,1,0
attack_aware_qualified,11,7,crop_10,348,1.0,1,0
attack_aware_qualified,11,7,crop_08_holdout,348,0.9971264367816092,1,1
attack_aware_qualified,11,7,crop_12_holdout,348,0.8879310344827587,1,37
attack_aware_qualified,11,7,rotate_3,348,1.0,1,0
attack_aware_qualified,11,7,rotate_7,348,1.0,1,0
attack_aware_qualified,11,7,rotate_5_holdout,348,1.0,1,0
attack_aware_qualified,11,7,rotate_9_holdout,348,0.9741379310344828,1,9
attack_aware_qualified,11,8,clean,348,1.0,1,0
attack_aware_qualified,11,8,jpeg_80,348,1.0,1,0
attack_aware_qualified,11,8,jpeg_50,348,1.0,1,0
attack_aware_qualified,11,8,gaussian_5,348,1.0,1,0
attack_aware_qualified,11,8,gaussian_12,348,1.0,1,0
attack_aware_qualified,11,8,gaussian_9_holdout,348,1.0,1,0
attack_aware_qualified,11,8,gaussian_15_holdout,348,1.0,1,0
attack_aware_qualified,11,8,blur_0.8,348,1.0,1,0
attack_aware_qualified,11,8,blur_1.5,348,1.0,1,0
attack_aware_qualified,11,8,blur_1.2_holdout,348,1.0,1,0
attack_aware_qualified,11,8,blur_1.8_holdout,348,0.985632183908046,1,5
attack_aware_qualified,11,8,resize_075,348,1.0,1,0
attack_aware_qualified,11,8,resize_050,348,1.0,1,0
attack_aware_qualified,11,8,crop_05,348,1.0,1,0
attack_aware_qualified,11,8,crop_10,348,1.0,1,0
attack_aware_qualified,11,8,crop_08_holdout,348,0.9971264367816092,1,1
attack_aware_qualified,11,8,crop_12_holdout,348,0.8850574712643678,1,39
attack_aware_qualified,11,8,rotate_3,348,1.0,1,0
attack_aware_qualified,11,8,rotate_7,348,1.0,1,0
attack_aware_qualified,11,8,rotate_5_holdout,348,1.0,1,0
attack_aware_qualified,11,8,rotate_9_holdout,348,0.9741379310344828,1,9
attack_aware_qualified,11,9,clean,348,1.0,1,0
attack_aware_qualified,11,9,jpeg_80,348,1.0,1,0
attack_aware_qualified,11,9,jpeg_50,348,1.0,1,0
attack_aware_qualified,11,9,gaussian_5,348,1.0,1,0
attack_aware_qualified,11,9,gaussian_12,348,1.0,1,0
attack_aware_qualified,11,9,gaussian_9_holdout,348,1.0,1,0
attack_aware_qualified,11,9,gaussian_15_holdout,348,0.9942528735632183,1,2
attack_aware_qualified,11,9,blur_0.8,348,1.0,1,0
attack_aware_qualified,11,9,blur_1.5,348,1.0,1,0
attack_aware_qualified,11,9,blur_1.2_holdout,348,1.0,1,0
attack_aware_qualified,11,9,blur_1.8_holdout,348,0.9827586206896551,1,6
attack_aware_qualified,11,9,resize_075,348,1.0,1,0
attack_aware_qualified,11,9,resize_050,348,1.0,1,0
attack_aware_qualified,11,9,crop_05,348,1.0,1,0
attack_aware_qualified,11,9,crop_10,348,1.0,1,0
attack_aware_qualified,11,9,crop_08_holdout,348,0.9971264367816092,1,1
attack_aware_qualified,11,9,crop_12_holdout,348,0.8908045977011494,1,35
attack_aware_qualified,11,9,rotate_3,348,1.0,1,0
attack_aware_qualified,11,9,rotate_7,348,1.0,1,0
attack_aware_qualified,11,9,rotate_5_holdout,348,1.0,1,0
attack_aware_qualified,11,9,rotate_9_holdout,348,0.9770114942528736,1,8
